Argument ID,Part,Usage,Conclusion,Stance,Premise
A05039,usa,test,We should subsidize student loans,in favor of,student loans set children up to be valuable citizens and the state should support this
A05040,usa,test,We should legalize sex selection,against,we should not do this because other countries like china already did and it caused an epidemic where there is a huge imbalance of males to females which disrupts the population
A05041,usa,test,We should oppose collectivism,in favor of,collectivism prevents original thoughts and discourages people from looking for their own ideas
A05042,usa,test,We should ban missionary work,in favor of,missionary work plays on the ignorance of local people to exploit them
A05044,usa,test,We should limit judicial activism,in favor of,activists judges aren't the ones shaping the laws. they're not &quot;all&quot; the people for who the laws are voted for. judicial activism has to be limited to only check for overuse of the power by governments
A05046,usa,test,Homeschooling should be banned,against,"homeschooling is a good option for children who are bullied, giving them a safe place to learn"
A05047,usa,test,We should oppose collectivism,in favor of,treating everyone as a large group unit is not helpful for people who have different individual needs.
A05051,usa,test,Homeopathy brings more harm than good,against,homeopathy is a natural way to cure a disease.
A05085,usa,test,Homeschooling should be banned,in favor of,homeschooling means that the children involved are deprived of regular social contact with others of their own age
A05089,usa,test,We should ban missionary work,against,missionary work is beneficial for those receiving aid.
A05094,usa,test,Homeopathy brings more harm than good,in favor of,"Homeopathy is used as a replacement for traditional medicine, which can leave serious ailments untreated."
A06009,usa,test,Homeschooling should be banned,in favor of,"home schooling deprives children from the natural interaction with other kids their age, make new friends, and learn how to engage with children who are different than them"
A06017,usa,test,We should subsidize student loans,in favor of,we should subsidize student loans as these are our future leaders and workers and we want to ensure their success in order to secure the countries success.
A07006,usa,test,We should ban missionary work,in favor of,people should keep their religion to themselves
A07017,usa,test,Homeopathy brings more harm than good,against,homeopathy uses natural remedies that have little to no side affects on the body.
A07036,usa,test,We should limit judicial activism,in favor of,judicial activism relies too heavily upon personal opinion and leads to bias.
A07039,usa,test,We should ban missionary work,in favor of,missionaries are intrusive to other countries and very invasive to the culture.
A07041,usa,test,Homeopathy brings more harm than good,against,homeopathy brings tangible results in non-evasive ways to many ailments and offer an alternative to more expensive forms of treatment.
A07047,usa,test,We should subsidize student loans,against,a person's education should be the responsibility of themselves
A07057,usa,test,We should legalize sex selection,against,gender selection is essentially playing god.
A07067,usa,test,We should limit judicial activism,against,judicial activism allows for common sense to be applied where necessary
A07072,usa,test,We should legalize sex selection,in favor of,sex selection is the perfect solution to a family that has a history of all one gender.  many families want the perfect one and one so it's perfect for those as well.  it's a win no matter how you look.
A07083,usa,test,Homeschooling should be banned,in favor of,children have a right to education and ignorant parents that think they are more qualified than they are should not have tyranny over that right
A07095,usa,test,We should oppose collectivism,against,supporting collectivism is important because groups value is most important in the society which we live today.
A08006,usa,test,We should limit judicial activism,in favor of,a judge shouldnt be able to show their personal views.
A08010,usa,test,Homeschooling should be banned,against,"if the parents can provide a better education than what their local schools offer, they should be allowed to do so."
A09010,usa,test,We should limit judicial activism,in favor of,judges should follow the letter of the law when making rulings and not make up things based on how they feel.
A09014,usa,test,We should ban missionary work,in favor of,historically missionaries have interfered in an unhealthy way with other cultures and continue to do so.
A09025,usa,test,We should subsidize student loans,in favor of,it's the only way most people can afford college
A09033,usa,test,We should oppose collectivism,in favor of,"collectivism is a facet of socialism, communism, etc. and eliminates individual worth"
A09034,usa,test,Homeopathy brings more harm than good,against,homeopathy often gives people hope to cure some illnesses that will never be cured without modern medicine.
A09039,usa,test,We should ban missionary work,against,we should not ban missionary work because people have a right to help out others if they chose to do so
A09062,usa,test,We should subsidize student loans,in favor of,college is getting more and more expensive each year so students should be getting as much help as they need
A09069,usa,test,We should limit judicial activism,in favor of,judicial activism is biased and should be trashed.
A09077,usa,test,We should legalize sex selection,against,sex selection can lead to an over abundance of a favored gender in society
A09081,usa,test,Homeschooling should be banned,in favor of,homeschooling should be banned because an important part of a child's education is social learning and one cannot grow socially without being around their peers.
A10011,usa,test,We should limit judicial activism,in favor of,"the rulings offer a precedent and will become final, despite it potentially overriding any laws."
A10016,usa,test,We should limit judicial activism,in favor of,judicial activism should be limited or altogether removed based on the fact that it is done from a feeling or thought rather than from the law
A12001,usa,test,We should oppose collectivism,in favor of,collectivism reduces productivity from individuals as they have no incentive to do better.
A12003,usa,test,We should subsidize student loans,in favor of,students should be able to pursue higher education without worrying about being able to afford it. subsidizing students loans would make education more accessible.
A12022,usa,test,We should legalize sex selection,in favor of,we should legalize sex selection because the parents are free to decide what gender they want
A12023,usa,test,We should limit judicial activism,against,judicial activism allows for a check on decrees made by one branch of the government that may think that drastic action is needed for every situation.
A12040,usa,test,Homeschooling should be banned,against,"results from homeschooling children are equally as good as those achieved from state schools, and sometimes this can be the only option for a youngster with complex emotional needs."
A12052,usa,test,Homeopathy brings more harm than good,against,homeopathy can  sometimes help those that modern medicine has failed.
A12068,usa,test,We should subsidize student loans,against,"studen loans cannot be subsidised as not only is it unaffordable in the current climate, it would encourage universities offer degree courses purely for financial gain."
A12069,usa,test,We should limit judicial activism,against,judicial activism is sometimes the best way to get things done
A12077,usa,test,We should subsidize student loans,against,there are other ways to channel student aid that is not subsidizing loans
A12085,usa,test,We should legalize sex selection,in favor of,"when we allow abortion for any reason or purpose, sex selection cannot be excluded. in fact illegal sex selection only increased abortions as the alternative method to select gender"
A12090,usa,test,We should legalize sex selection,in favor of,parents should be able to choose what sex child they are going to have.
A12108,usa,test,Homeschooling should be banned,in favor of,homeschooling may not be covering core topics or at least not to an adequate level
A12115,usa,test,We should oppose collectivism,against,collectivism takes care of an entire group's need vs just one persons.
A12121,usa,test,We should legalize sex selection,against,allowing sex selection could lead to an imbalance of the genders in the population.
A12138,usa,test,Homeopathy brings more harm than good,against,homeopathy provides an alternative and hope for people for when all traditional medicine has failed.
A12143,usa,test,We should subsidize student loans,in favor of,too many students have defaulted on loans or are paying them for many years.  by subsidizing these students we can assist in stopping this.
A12145,usa,test,We should ban missionary work,in favor of,"if we ban missionary work, then a lot less people would be seeing propaganda."
A12150,usa,test,We should legalize sex selection,in favor of,parents have every right to decide whether they give birth to a boy or a girl.
A12151,usa,test,Homeschooling should be banned,in favor of,homeschooling does not prepare children for the real world.  the child is not getting the top notch education they need in order to succeed in life.  the children deserve better.
A12152,usa,test,Homeschooling should be banned,against,home education is equal to or better than in institutions
A12169,usa,test,Homeopathy brings more harm than good,in favor of,homeopathic remedies are not medically tested and verified as safe.
A12172,usa,test,We should limit judicial activism,against,judicial activism is an important part of our country.
A12183,usa,test,We should oppose collectivism,in favor of,collectivism removes an individual's right to promote their private interests and exercise autonomy
A12189,usa,test,We should limit judicial activism,against,judicial activism must be supported by all means because judges  knows law and they acting inside the law by judicial activism.
A12213,usa,test,We should oppose collectivism,in favor of,collectivism doesn't allow people to stand up on their own for what they believe in
A12216,usa,test,We should limit judicial activism,against,"judicial activism can highlight wrong legislation, or deliver accurate justice that cannot be addressed through the existing laws"
A12227,usa,test,We should subsidize student loans,in favor of,"It's bad enough having to take out a student loan in the first place, but even more students from poorer backgrounds will be reluctant to go into higher education if their student loans aren't subsidized."
A12234,usa,test,We should limit judicial activism,against,"all avenues should be looked at, not just the supposedly straight forward."
A12235,usa,test,We should oppose collectivism,in favor of,collectivism gives the group priority over individual needs - this would be very unfair for some individuals who may have a higher or different need than the majority of the group
A12242,usa,test,We should ban missionary work,against,Missionary work has helped to civilize entire socities.
A12250,usa,test,Homeopathy brings more harm than good,in favor of,homeopathy is unproven and can be harmful
A12285,usa,test,We should oppose collectivism,in favor of,collectivism is unfair to large populations and should be stopped
A12291,usa,test,We should limit judicial activism,in favor of,we should limit judicial activism as it goes outside the set laws and eventually could go to far to one person creating their own agendas.
A12312,usa,test,We should ban missionary work,in favor of,missionary work should be banned as it can be abused and vulnerable people can be taken advantage of
A12314,usa,test,We should subsidize student loans,in favor of,people should be able to go to school and better themselves without having to pay back thousands of dollars when they graduate.
A12331,usa,test,We should oppose collectivism,in favor of,we should definitely oppose collectivism because there is less autonomy in terms of thoughts and ideas. everyone will just go along with the group.
A12339,usa,test,We should limit judicial activism,in favor of,judicial activism undermines the rule of law
A12342,usa,test,We should oppose collectivism,against,collectivism enables communities to work together for the greater good.
A12361,usa,test,We should subsidize student loans,against,tax payers shouldn't have to pay for other people to have an education when they dint get the same chances.
A12371,usa,test,Homeopathy brings more harm than good,against,Homeopathy addresses the root cause of the illness and it works on approaching the disease itself other than its symptoms
A12373,usa,test,Homeschooling should be banned,against,homeschooling should not be banned because some kids get picked on and a safe home setting is best place to learn.
A12375,usa,test,We should ban missionary work,in favor of,missionary work is risky to participate in.
A12378,usa,test,Homeopathy brings more harm than good,against,homeopathy is a natural way of providing cure or relief
A12401,usa,test,We should ban missionary work,against,we should not ban missionary work because if people want to help out others that is their business and no one elses
A12449,usa,test,Homeopathy brings more harm than good,in favor of,"homeopathy is not an accredited professional, thus allowing anyone who wishes to practice to do so, without qualifications or knowledge of the human body."
A12455,usa,test,We should subsidize student loans,in favor of,student loans should be subsidized as this allows those from marginalized or poorer sections of society to access good education
A12471,usa,test,Homeschooling should be banned,in favor of,homeschooling can lead to children not knowing the curriculum and therefore struggling in later life.
A12480,usa,test,Homeopathy brings more harm than good,against,homeopathy does not bring more harm than good because it is alternative medicine and some people believe that it is helpful in curing people
A12493,usa,test,We should legalize sex selection,against,sex selection should not be legalized as it is unethical
A12495,usa,test,We should ban missionary work,in favor of,missionaries try to force their religion or ideas on people that are already happy the way they are.
A13010,usa,test,We should ban missionary work,in favor of,missionary work puts people in intrusive positions against those who have inhabited the same land and have had the same customs for centuries.
A13015,usa,test,We should oppose collectivism,in favor of,the value of a group should not be deemed more important just because of the amount of people. it does not increase their value.
A14009,usa,test,We should subsidize student loans,in favor of,we have a tremendous amount of highly intelligent /students who could not go to college without subsidizes. these students could find cures to fatal illnesses and should be subsidized to benefit all of society.
A14012,usa,test,We should legalize sex selection,against,sex selection is unnatural and will have long term negative consequences on society. we will become overpopulated with male children and females will become targets of sexual crimes.
A14016,usa,test,We should ban missionary work,against,missionary work allows people in developing countries access to new ways of thinking and possibilities for how they live their life.
A15005,usa,test,We should oppose collectivism,in favor of,people should be encouraged to individuals
A15012,usa,test,We should legalize sex selection,against,"There is no certainty that the process will be a success, and couples may end up wasting time and money."
A15016,usa,test,Homeopathy brings more harm than good,in favor of,people using a homeopathic approach to treatment can accidentally end up overdosing on their herbal treatment and making themselves more sick.
A17001,usa,test,Homeopathy brings more harm than good,in favor of,It is difficult to differentiate between a good professional homeopathic doctor and a quack.
A17005,usa,test,We should limit judicial activism,against,each case has different circumstances and certain things need to be taken into consideration for each one. judicial activism allow the court to consider the circumstances of each crime.
A17012,usa,test,We should limit judicial activism,in favor of,judges should be limited to upholding law rather than making it. that job is politicians.
A17020,usa,test,We should limit judicial activism,against,modern days require modern measures and judicial activism brings present day thinking and opinions into important cases to stay up to date
A18031,usa,test,Homeschooling should be banned,in favor of,homeschooling does not give a child time away from home
A18035,usa,test,We should oppose collectivism,in favor of,collectivism is a communist strategy and we must reject
A18038,usa,test,We should oppose collectivism,against,we should support collectivism because it helps people find common goals.
A18055,usa,test,Homeopathy brings more harm than good,in favor of,Homeopathy is not legally regulated and there is no requirement of formal training of homeopathic expert or physician
A18068,usa,test,We should oppose collectivism,in favor of,people should be able to work hard and reap the benefits of their labor. with collectivism you will always have some people doing most of the work and the lazy ones will benefit from it.
A18084,usa,test,We should ban missionary work,against,independent religious organisations should be free to solicit for new members if they do so in a fair and open manner.
A18100,usa,test,We should legalize sex selection,against,this should be banned as it is immoral.
A18114,usa,test,We should ban missionary work,against,missionary work can sometimes provide communities in need around the world with access to education and resources.
A18115,usa,test,Homeschooling should be banned,in favor of,homeschooling can put children at a disadvantage if their parents are not intelligent enough to provide a good education.
A18123,usa,test,We should ban missionary work,in favor of,missionary work is dangerous and not necessary
A18145,usa,test,We should subsidize student loans,in favor of,student loans enable poor students to continue with their education and graduate from the university
A18154,usa,test,We should legalize sex selection,in favor of,sex selection should be allowed to those who want a certain gender.
A18158,usa,test,Homeopathy brings more harm than good,in favor of,homeopathy isn't fda approved and can cause all sorts of problems and side effects.
A18159,usa,test,Homeschooling should be banned,in favor of,homeschooling is way too lenient and relaxed for children to even learn anything. they don't learn as much as in a classroom and miss out on socialization.
A18183,usa,test,We should legalize sex selection,against,"when people mess with mother nature by trying to select the sex of their child, only bad things can happen."
A18186,usa,test,We should legalize sex selection,against,sex selection promotes abortion and gender inequality
A18199,usa,test,Homeopathy brings more harm than good,in favor of,there is no reliable scientific evidence that homeopathy does any good and it is potentially dangerous because it may delay people taking conventional medical treatment
A18203,usa,test,We should limit judicial activism,against,"judicial activism,  bringing a personal touch of the judge,  is  the best way to apply laws and rules for our society."
A18206,usa,test,Homeopathy brings more harm than good,against,it has been proven to work and is safer than traditional medicine and drugs.
A18209,usa,test,We should subsidize student loans,in favor of,we should subsidize student loans to ensure all who seek a good education can obtain one. this sets up success for life which also saves the government money when people are self sufficient
A18227,usa,test,We should limit judicial activism,in favor of,"judges who rule based on their own personal and political beliefs usurp the power of our elected officials and are violating our constitutional rights,"
A18231,usa,test,We should legalize sex selection,against,We should not legalize sex selection as this is playing god and can open the door to a raft of other genetic selection that is not thoroughly tested.
A18253,usa,test,We should limit judicial activism,in favor of,judicial activism should be limited so that judgements are reached based on factual evidence only. allowing personal opinions to cloud the issue can result in mis-trials of justice.
A18254,usa,test,Homeschooling should be banned,against,homeschooling allows for one on one teaching as well as allowing a student to learn in a safe environment
A18256,usa,test,We should ban missionary work,in favor of,Missionary work forces the opinions of others onto individuals that didn't consent or want the religion.
A18258,usa,test,We should subsidize student loans,in favor of,"Students are and will always be the backbone of the society. It's compulsory to support these growing students in becoming true, well educated citizens to support the economy."
A18261,usa,test,We should subsidize student loans,in favor of,"students that work hard to get a degree should not start out their journey into the real world, in debt"
A18283,usa,test,We should oppose collectivism,in favor of,collectivism and the impingement of the the government results in people blaming others for their problems rather than looking for solutions themselves
A18312,usa,test,Homeschooling should be banned,in favor of,homeschooling can be used to hide child abuse since no teachers see them to report it
A18342,usa,test,We should ban missionary work,in favor of,"Sometimes, missionary workers condition the receipt of aid on a community's willingness to accept or be taught the Christian religion."
A18352,usa,test,Homeschooling should be banned,against,homeschooling should be allowed because parents are the first teachers children have and have everything at their disposal to teach their children effectively
A18363,usa,test,We should subsidize student loans,against,"it isn't the obligation of any tax payer to give money to help someone else get an education.  that is a personal choice, and if they want to go to college they need to pay for it on their own."
A18366,usa,test,Homeopathy brings more harm than good,against,"Originated in the ancient period, homeopathic treatment puts emphasis on the root cause and aim at enhancing natural healing within the body"
A18375,usa,test,We should oppose collectivism,in favor of,collectivism takes the focus off the individual as well as the ways in which each of us is unique. supporting collectivism means wanting the individual to remain subordinate to society.
A18384,usa,test,We should ban missionary work,against,it helps small third world countries become more modernized.
A18392,usa,test,We should ban missionary work,in favor of,Missionaries try to force their beliefs and values on people.
A18406,usa,test,Homeopathy brings more harm than good,in favor of,"Problems can arise if homeopathy is used to treat serious illnesses, rather than seeking treatment by traditional, western medicine."
A18409,usa,test,We should limit judicial activism,against,"it is important that the highly experienced, well trained people at the top of the judicial system can use their own experiences and common sense when passing judgments - else anyone could be a judge."
A18434,usa,test,We should subsidize student loans,in favor of,student loans is a type of aid that is given to them in order to help lower their expenses and debts
A18438,usa,test,We should oppose collectivism,in favor of,collectivism is morally wrong and a form of slavery.
A18446,usa,test,We should limit judicial activism,in favor of,judicial activism should be limited because a judge should not be making all decisions.
A18447,usa,test,We should oppose collectivism,against,collectivism bands people together to solve problems in their communities
A18457,usa,test,Homeopathy brings more harm than good,against,"homeopathy has been proven to have a successful effect on many people, so if the end results are good it has to be worth a shot."
A18459,usa,test,We should subsidize student loans,in favor of,"student loans should be subsidized so that more kids can go to school, get a better education and contribute to the advancement of society."
A18464,usa,test,We should legalize sex selection,in favor of,"We should legalize sex selection because a ban leads to dangerous back alley procedures, and to more abortions and female infanticide"
A18480,usa,test,We should legalize sex selection,against,sex is determined at birth and not something a person should be allowed to change or decide for themselves.
A18482,usa,test,Homeschooling should be banned,in favor of,Homeschooling is not regulated and nobody can be sure that the kids have learned anything.
A18494,usa,test,Homeschooling should be banned,against,parents have an absolute choice to determine how their children should be educated
A18495,usa,test,We should subsidize student loans,in favor of,"we should invest in the young generations and support them in their education, especially when higher education is so expensive."
A19002,usa,test,Homeschooling should be banned,in favor of,homeschooling cannot provide the quality of education that real teachers and a real school can provide.
A19004,usa,test,We should limit judicial activism,in favor of,judicial activism goes against our system  of what is best for the people.
A19005,usa,test,We should legalize sex selection,against,"we shouldn't legalize sex selection because some people can't have children at all, they should be happy that they have blessed with a miracle. if you want to choose a sex then foster or adopt a certain sex"
A19006,usa,test,We should ban missionary work,against,missionary work helps the less fortunate countries  with aid and hope.
A19012,usa,test,We should oppose collectivism,against,collectivism looks out for everyone and leaves no one behind
A19017,usa,test,Homeschooling should be banned,in favor of,homeschooling prevents children from socializing with other children which can cause problems for them in the future.
A19029,usa,test,Homeschooling should be banned,against,parents are free to educate their children how they see fit
A19049,usa,test,We should legalize sex selection,against,"sex selection is playing god, will create gender imbalances and create negative stereotypes concerning male/female preferences."
A19053,usa,test,Homeopathy brings more harm than good,against,Homeopathic medicine can be effective for treating certain ailments without using intense modern medicine.
A19070,usa,test,We should ban missionary work,against,"missionaries are necessary as they provide education, health care, and more to those in need."
A19082,usa,test,We should limit judicial activism,in favor of,judicial activism would allow for personal grievances to be accepted as truth
A19096,usa,test,We should ban missionary work,against,it is important that we help the less fortunate.
A19119,usa,test,We should subsidize student loans,in favor of,subsidised student loans would encourage everyone to go to university if they thought they wouldn't have any debt at the end of the studies.
A19125,usa,test,We should ban missionary work,against,it`s outrageous to ban missionary work because people who helping other people can`t be banned to do that and can be only awarded and recognized in our society.
A19130,usa,test,Homeschooling should be banned,against,homeschooling helps those who do not thrive in a school environment
A19136,usa,test,We should ban missionary work,in favor of,missionary work can be dangerous to workers.
A19142,usa,test,Homeschooling should be banned,in favor of,"homeschooling a child denies them valuable lifeskills, particularly interaction with their own age group and all experiences stemming from this."
A19146,usa,test,Homeopathy brings more harm than good,in favor of,its not safe at all and there are a lot of risks associated with it. besides it lacks government approval.
A19147,usa,test,We should ban missionary work,in favor of,we should ban missionary work if people are torturing or hurting non believers as has been reported in the past
A19152,usa,test,We should subsidize student loans,against,"there are more important ways we should be using public money, such as housing and healthcare."
A19175,usa,test,Homeopathy brings more harm than good,against,homeopathy provides natural cures for diseases.
A19177,usa,test,We should oppose collectivism,against,collectivism brings people together
A19184,usa,test,We should limit judicial activism,against,"judicial activism allows lawful recourse in circumstances of possible justice miscarriages, and is an extra protection against possible corruption and obstructive 'influence' in the higher court."
A19189,usa,test,We should subsidize student loans,against,"students loans should not be subsidized as it is a students choosing to continue to go to school on their own accord and whim, not a requirement to be the burden of others."
A19193,usa,test,We should legalize sex selection,against,"we should not legalize sex selection because when we do, we are messing with god's will."
A19205,usa,test,We should subsidize student loans,against,we should not pay for other peoples life style choices
A19227,usa,test,Homeopathy brings more harm than good,against,homeopathy has been proven to be more effective than modern medicine in some instances.
A19237,usa,test,We should subsidize student loans,in favor of,in the interests of raising the education level of our population we should subsidize student loans.
A19240,usa,test,We should limit judicial activism,in favor of,it is not fair for opinion to overrule when there are so many different ones.
A19249,usa,test,We should oppose collectivism,against,"collectivism aims to work toward what is good for all rather than a single person or group, this means a better society for everyone"
A19251,usa,test,Homeopathy brings more harm than good,in favor of,homeopathy is sometimes used by people instead of traditional medicine. this  could lead to unnecessary deaths.
A19257,usa,test,We should oppose collectivism,against,Collectivism would be good in situations where it must be a group decision.
A19260,usa,test,We should legalize sex selection,against,"In societies where sex selection happens, men are favored over women, resulting in a lopsided sex ratio. This leads to many men being unable to wed."
A19275,usa,test,Homeopathy brings more harm than good,against,homeopathy is an affordable way to treat yourself.
A19283,usa,test,We should ban missionary work,against,missionaries have taken valuable healthcare and sanitation to people who otherwise would have none. money raised for missionary work saves lives in developing areas.
A19286,usa,test,We should subsidize student loans,against,we should not subsidize student loans because students should have worked to pay for college instead of going into debt.
A19300,usa,test,We should oppose collectivism,in favor of,collectivism leads to a stagnant culture where new ideas are never formed and expressed
A19327,usa,test,We should subsidize student loans,against,student loans should not be subsidized as the enhanced education they receive will allow the students to go on to better paying jobs.
A19330,usa,test,Homeschooling should be banned,in favor of,all children should receive the same education to ensure a standard of learning is established.
A19337,usa,test,We should legalize sex selection,in favor of,sex selection should be legal for parents to select the sex of the child.  parents with all boys or all girls should have the choice of selecting the other sex.
A19341,usa,test,We should oppose collectivism,in favor of,collectivism can erode personal freedoms in a way that is irreversible
A19354,usa,test,We should limit judicial activism,against,judicial activism is necessary to protect the rights of Americans because they seek to weed out the injustices within the system.
A19357,usa,test,Homeopathy brings more harm than good,against,"homeopathy does not cause harm, even the placebo effect has been shown to work for some patients if they believe that it will cure them"
A19361,usa,test,We should ban missionary work,against,missionary work allows volunteers to do productive work in a foreign country
A19368,usa,test,Homeopathy brings more harm than good,against,some people prefer the path of homeopathy to being pumped full of chemicals.  we should let people make their own choices.
A19377,usa,test,We should limit judicial activism,against,judicial activism is necessary to make sound decisions
A19407,usa,test,We should oppose collectivism,in favor of,collectivism do more harm than good because isolating individuals is not appropriate and they should be important as individuals and not part of the group.
A19420,usa,test,We should legalize sex selection,against,Legalizing sex selection will lead to numerous healthy babies being aborted just because they are not the sex that the parents desire.
A19459,usa,test,We should legalize sex selection,against,it will result in more elective abortions and cause a gender imbalance
A19461,usa,test,We should limit judicial activism,against,"judges are in a position to make a positive change in the world, and should be encouraged to use activism to do so"
A19466,usa,test,Homeschooling should be banned,against,homeschooling can be best for those with alternative learning needs
A20020,usa,test,We should limit judicial activism,against,judicial activism is a control key put in place for counterbalance the overuse of power of law
A20026,usa,test,Homeschooling should be banned,against,we have already proven that home-schooled kids attend more extra-curricular activities than public-school kids
A20028,usa,test,We should oppose collectivism,in favor of,collectivism is a harmful ideology that puts members of groups against each other.
A20047,usa,test,We should oppose collectivism,against,collectivism gives people something to work on as a team and builds relationships.
A20049,usa,test,We should subsidize student loans,in favor of,subsidizing student loans will enable many more people the opportunity to attend college
A20050,usa,test,We should subsidize student loans,against,there are better things the government can do with that money.
A20071,usa,test,Homeopathy brings more harm than good,in favor of,"if not used correctly and for the right symptoms, it could cause serious side effects or make a condition worse."
A20074,usa,test,We should legalize sex selection,in favor of,sex selection should be a choice for parents to make and therefore should be legalized.
A20079,usa,test,Homeopathy brings more harm than good,against,homeopathy has been proven to work by many different studies.
A20084,usa,test,We should ban missionary work,in favor of,missionary work has historically been used to oppress people and often does not help the areas in which it is tried
A20094,usa,test,Homeopathy brings more harm than good,against,homeopathy allows for natural healing and care rather than being vulnerable to unknown dangers of chemicals in regards to such.
A20108,usa,test,We should ban missionary work,against,missionary work is important to help educate those in third world countries so they can improve their way of life.
A20141,usa,test,We should subsidize student loans,in favor of,providing help in paying student loans will lift a financial burden off of students and allow them to become more indepedent.
A20168,usa,test,We should subsidize student loans,in favor of,Student loans are necessary to be able to afford  the cost of college. Subsidizing the loans allows more people to  gt a degree and not have to leave to earn an income before they finish.
A20176,usa,test,We should legalize sex selection,against,we should not legalize sex selection because this goes against the natural laws of nature.
A20181,usa,test,Homeopathy brings more harm than good,against,homeopathy provides symptom relief without many of the side effects that are common with mainstream medications.
A20184,usa,test,We should oppose collectivism,against,collectivism promotes a greater sense of community where people care about each other's welfare.
A20185,usa,test,We should ban missionary work,against,missionary work is an effective way to bring christianity to the rest of the world
A20194,usa,test,We should ban missionary work,in favor of,"missionary work is dangerous, often occurring in war torn areas. missionaries are often young adults without world experience who are unaware of how to defend themselves in unknown lands."
A20195,usa,test,Homeschooling should be banned,against,a parent knows best what is good for their kid
A20201,usa,test,We should ban missionary work,in favor of,missionary work disrupts an indigenous culture's natural development.
A20203,usa,test,Homeschooling should be banned,against,homeschooling is best for children where the schools in the area are not conducive to learning
A20206,usa,test,We should legalize sex selection,in favor of,"sex selection is a choice between parents and their doctor; if the parents insist on having a boy to, say, balance out a family full of girls, then what's the problem with that?"
A20222,usa,test,We should subsidize student loans,in favor of,"Able students are afraid to continue education due to the prohibitive cost of loans, these students could be the answer to curing cancer etc. We need to ensure no one misses out because of cost."
A20226,usa,test,We should subsidize student loans,against,"tax payers, many of which have not been to school themselves, should not have to pay for any elses student loans."
A20237,usa,test,Homeopathy brings more harm than good,against,"for minor health issues, homeopathy provides relief"
A20250,usa,test,We should oppose collectivism,in favor of,collectivism too often causes the individual to suffer needlessly
A20268,usa,test,Homeopathy brings more harm than good,in favor of,there is no proof that  homeopathy works.
A20271,usa,test,We should limit judicial activism,against,sometimes a case has extenuating circumstances that would require a judge to make a different ruling.
A20279,usa,test,Homeschooling should be banned,in favor of,homeschooling doesnt get children enough interaction with people so they are more likely to be social outcasts
A20330,usa,test,We should limit judicial activism,against,judicial activism will bring forth new interpretations of the constitution and advance our society
A20331,usa,test,We should legalize sex selection,in favor of,there are valid medical reasons for using sex selection to combat certain diseases
A20338,usa,test,We should limit judicial activism,in favor of,we should limit judicial activism so that we do not depart from the constitution.
A20342,usa,test,We should legalize sex selection,against,we shouldn't legalize sex selection because is moral action in society
A20349,usa,test,We should ban missionary work,in favor of,we should ban missionary work because people are getting killed going to bad places.
A20350,usa,test,We should oppose collectivism,against,"Collectivism forces people to form stronger ties with their community, and ultimately to better themselves by empathizing with the needs of others over themselves."
A20352,usa,test,Homeopathy brings more harm than good,in favor of,homeopathy allows too many unqualified people to use anything they want to try and help people and it can result in people being taken advantage of
A20362,usa,test,We should oppose collectivism,against,We should support collectivism because many problems like climate change cannot be dealt with on an individual level.
A20374,usa,test,We should oppose collectivism,against,collectivism can achieve more that individuals alone
A20386,usa,test,We should subsidize student loans,in favor of,education is important to ensure the continued progress of humanity and to move humanity forwards; for this reason we should subsidise loans for students.
A20390,usa,test,Homeopathy brings more harm than good,in favor of,homeopathy can stop people from seeking proper medical attention
A20392,usa,test,Homeschooling should be banned,against,homeschooling should not be banned because there is a lot of crime in the schools and if the parents want to teach their children they should have the right to
A20399,usa,test,Homeschooling should be banned,against,"home schooling is a good alternative for many. it is economical, safe and and a better environment for some children.  parents have a right to choose what is best for their child."
A20435,usa,test,We should limit judicial activism,against,judicial activism can be useful to prevent truly bad people who abuse the letter of the law to skirt punishment.
A20441,usa,test,We should limit judicial activism,in favor of,judicial activism should be limited to avoid violence among the opposition.
A20443,usa,test,We should limit judicial activism,in favor of,"judicial activism violates the legislature's authority, endangering the coequal balance of the governmental branches."
A20444,usa,test,We should legalize sex selection,against,legalizing the selection of sex goes against the moral and natural principles of society
A20447,usa,test,We should legalize sex selection,against,"sex selection could create places where boys outnumber girls by  a lot since there are many places that value boys more than girls, and this could create problems as they get older"
A20452,usa,test,We should subsidize student loans,in favor of,"It is difficult to get a job without a degree these days, so students need help paying to obtain one."
A20461,usa,test,Homeschooling should be banned,in favor of,"homeschooling does not compare to regular schooling.  home schooled children tend to learn the bare minimum, with the bare minimum of effort."
A20462,usa,test,We should ban missionary work,in favor of,its unreasonable to go into another country for the intent of trying to convert people to a religion.
A20481,usa,test,We should oppose collectivism,against,society is a collective and the most good comes from working together
A20483,usa,test,We should legalize sex selection,against,sex selection could lead to gender inbalance in some societies.
A20490,usa,test,Homeschooling should be banned,in favor of,homeschooling is very difficult to regulate and the education received is not consistent so it should be banned.
A21007,usa,test,We should limit judicial activism,against,judicial activism can give proper justice to those when the law isn't completely clear
A21009,usa,test,We should oppose collectivism,against,collectivism provides a common goal for everyone to work towards.
A21013,usa,test,We should oppose collectivism,in favor of,collectivism decreases individual rights by forcing them to conform to what the group deems best
A21014,usa,test,We should limit judicial activism,against,"judicial activism should not be limited as times have changed, circumstances are vastly different, than a reason why an initial law was enacted."
A21019,usa,test,Homeschooling should be banned,in favor of,homeschooling deprived children off a proper education and is isolating and should be banned.
A21024,usa,test,Homeopathy brings more harm than good,in favor of,"homeopathy is dangerous when used as the only method to take care of illnesses. it just works as a placebo, not as a real effective cure."
A21035,usa,test,We should ban missionary work,in favor of,we need these people but not if they are a nuisance and try to criticize our personal beliefs.
A21039,usa,test,Homeopathy brings more harm than good,in favor of,"homeopathic treatments generally don't improve the patients' conditions and are often used as a replacement for conventional care, which would be more helpful."
A21040,usa,test,We should legalize sex selection,against,"sex selection is a slippery slope that may lead to parents picking other traits to screen for, from innocent ones like hair color, to larger ones like iq."
A21058,usa,test,We should subsidize student loans,in favor of,"we should help students pay to be educated. it is costly, and loans hamper their future."
A21074,usa,test,We should legalize sex selection,against,sex selection can possibly destroy the natural selection and over balance the society.
A21075,usa,test,Homeopathy brings more harm than good,against,homeopathy brings more good than harm when it is used alongside traditional medical treatments for further alleviation of pain.
A21094,usa,test,We should ban missionary work,in favor of,missionary work should be banned as some people can be forced into this line of work due to pressure from religious communities.
A21127,usa,test,We should ban missionary work,against,missionary work can provide assistance to people who need it.
A21135,usa,test,We should ban missionary work,in favor of,missionary work can be viewed as the exploitation of a disadvantaged culture by a privileged culture.
A21150,usa,test,We should limit judicial activism,in favor of,judges by definition are supposed to be impartial. having activist judges defeats the purpose
A21156,usa,test,We should subsidize student loans,in favor of,student loans is a help for those who do not have resources
A21159,usa,test,Homeschooling should be banned,against,families should have the continued option of homeschooling because bullying in schools and such exists.
A21160,usa,test,Homeschooling should be banned,against,homeschooling has proven beneficial for many children
A21172,usa,test,We should limit judicial activism,in favor of,"the judicial system requires independence, judicial activists undermine this independence and the practice should be limited."
A21175,usa,test,We should oppose collectivism,in favor of,we should oppose collectivism because it creates echo chambers in societies that makes it harder for individuals to give their thoughts and opinions on things
A21191,usa,test,Homeopathy brings more harm than good,against,Homeopathic medicines are usually safe for pregnant women and children.
A21196,usa,test,We should subsidize student loans,against,"the tax payers would have to pay for the subsidization of student loans in the end, it would be better to reform the entire university system instead."
A21198,usa,test,Homeopathy brings more harm than good,against,homeopathy may not be the best choice but the benefits of using it are certainly proven in many cases. alternative medicine allows people the freedom to choose what goes into their body.
A21245,usa,test,Homeschooling should be banned,in favor of,homeschooling is not regulated so students could miss out on important lessons.
A21269,usa,test,We should legalize sex selection,against,sex selection could lead to an imbalance of genders
A21282,usa,test,We should ban missionary work,in favor of,missionaries basically bribe the poor to change to their religion.
A21293,usa,test,We should oppose collectivism,against,collectivism means that everyone has equal access to facilities.
A21300,usa,test,We should oppose collectivism,in favor of,this practice does not allow an individual their own thoughts and actions.
A21304,usa,test,Homeschooling should be banned,against,homeschooling should not be banned because in some circumstances for example children living in remote locations it is the only way a child can receive an education
A21305,usa,test,We should legalize sex selection,against,every child has a right to be born regardless of their gender so sex selection should not be legalized.
A21314,usa,test,We should limit judicial activism,in favor of,judicial activism lets judges give the final verdict based on feelings so they will have the power to let things slide and give people less sentences than they deserve
A21315,usa,test,Homeopathy brings more harm than good,in favor of,introducing items that normally produce symptoms of a disease is something that really could do more harm than good in the long run.
A21325,usa,test,We should oppose collectivism,against,we shouldn't oppose collectivism because sometimes you have to look out  for what is best for society as a whole and not how it would benefit a specific individual.
A21332,usa,test,We should ban missionary work,against,missionary work helps many people who are in distress
A21333,usa,test,We should legalize sex selection,against,"sex selection could lead to genetic abnormalities and start society on a slippery slope of genetic editing at a time when it is an imperfect, untested procedure that could lead to horrific outcomes."
A21346,usa,test,We should legalize sex selection,against,sex selection is unethical and morally wrong - no child should be discarded because of their gender.
A21355,usa,test,We should legalize sex selection,against,Choosing your baby's gender interferes with what nature intended. People should not &quot;play God&quot;.
A21366,usa,test,We should oppose collectivism,in favor of,collectivism provides no incentive for people to work hard because they have no opportunity to become wealthy.
A21376,usa,test,We should ban missionary work,against,the missionary work bring the good idea for the people
A21384,usa,test,We should subsidize student loans,in favor of,we need an educated workforce so the loan rate students take should be low and subsidised to get this workforce.
A21413,usa,test,Homeopathy brings more harm than good,against,homeopathy is better than the alternative prescribed medications that have serious side effects.
A21424,usa,test,We should subsidize student loans,in favor of,by subsidizing student loans we can remove one of the stressors from continuing education.
A21444,usa,test,We should ban missionary work,against,missionary work helps bring medicine and food to areas of the world who would otherwise suffer without it. we have a duty to help all humans no matter where they are
A21448,usa,test,Homeschooling should be banned,in favor of,homeschooling should be banned because the children will be kept at home and no social with other children and the children very likely in an abusive situation to where nobody knows about it
A21463,usa,test,We should legalize sex selection,against,"it should not be legal, it is  costly and morally wrong"
A21472,usa,test,We should limit judicial activism,against,our laws need to evolve with the times we are living in
A21477,usa,test,We should subsidize student loans,in favor of,Student loan costs are becoming outrageous putting people in debt for life.
A21479,usa,test,We should oppose collectivism,in favor of,no two people are entirely alike.  ignoring individual differences and needs does not best serve the whole
A22012,usa,test,We should ban missionary work,in favor of,missionary work puts people into dangerous places where they can be harmed or killed.
A22016,usa,test,Homeopathy brings more harm than good,in favor of,homeopathy can be dangerous and is not regulated
A22023,usa,test,We should legalize sex selection,against,sex selection will have troublesome effects on gender disparity.
A22035,usa,test,We should limit judicial activism,against,"some laws may not be the best, and opinions are needed."
A22037,usa,test,We should subsidize student loans,against,we should not subsidize student loans because people need to work hard to get their education
A22042,usa,test,We should oppose collectivism,against,"In a collectivist society, everyone is considerate of each another and provides support to one another."
A22050,usa,test,We should subsidize student loans,against,if we subsidize student loans we could create parasites that never get a degree just to maintain the state subsidy
A22051,usa,test,Homeopathy brings more harm than good,in favor of,"homeopathy has utterly no basis in medicine, and is a treatment offered purely to extract money from potentially vulnerable, desperate people in need of hope."
A22061,usa,test,We should legalize sex selection,against,not enough girls will be selected by sexist cultures which will result in social strain in future years.
A22080,usa,test,Homeopathy brings more harm than good,against,the placebo effect is a completely valid form of homeopathy and is used by millions
A22084,usa,test,We should limit judicial activism,in favor of,we should limit judicial activism since that leads to civil unrest do to the nature of activists.
A22093,usa,test,We should subsidize student loans,in favor of,"it is important that student loans are granted, because it helps you increase your quality of life and your economic potential"
A22094,usa,test,We should subsidize student loans,in favor of,the cost of an education is unaffordable for those who might most benefit from it
A22097,usa,test,We should ban missionary work,in favor of,missionary work is very dangerous for the people involved and provides little benefit to those being ministered to
A22106,usa,test,Homeschooling should be banned,in favor of,many parents aren't educated well enough to teach their children.
A22113,usa,test,We should legalize sex selection,in favor of,Knowing the gender of your baby makes it easier to purchase items for the baby before its birth.
A22129,usa,test,We should legalize sex selection,in favor of,Legalizing sex selection will help parents to have the exact family makeup they have always dreamed of.
A22139,usa,test,We should legalize sex selection,in favor of,sex selection allows families to be balanced.
A22144,usa,test,We should ban missionary work,against,missions can provide much needed infrastructure and healthcare projects.
A22156,usa,test,Homeopathy brings more harm than good,in favor of,homeopathy needs to be used with caution as home remedies don't always have what it takes to truly treat a patient.
A22159,usa,test,We should subsidize student loans,in favor of,higher education should be a right; subsidized student loans provides all who want to learn with access to an education
A22160,usa,test,We should legalize sex selection,in favor of,families should have the right to choose the sex of their babies.
A22165,usa,test,We should ban missionary work,against,"we should continue to support missionary work as they do so much good for underdeveloped countries by bring goods, medicine and skills to the people of these countries."
A22169,usa,test,We should legalize sex selection,in favor of,allowing sex selection would alleviate the depression faced by mother's who truly wanted one gender over another.
A22176,usa,test,Homeopathy brings more harm than good,against,homeopathic medicines are usually used for chronic conditions that are not life threatening and may alleviate symptoms for some adherents but if not there is no harm because the substances are natural.
A22177,usa,test,Homeschooling should be banned,in favor of,homeschooling leads to unsocial children.
A22201,usa,test,We should oppose collectivism,in favor of,"collectivism will ultimately fail because it is at odds with basic, self-preservation."
A22228,usa,test,Homeschooling should be banned,against,some children can not succeed in a group setting such as an autistic child.  by working at home without distractions school subjects can better be learned
A22232,usa,test,We should oppose collectivism,against,"No one individuals life is any more intrinsically important or valuable than any other person's life, and therefore we should build societies that value the collective and general public over the individual."
A22251,usa,test,We should ban missionary work,against,missionary work brings aid to those in dire circumstances while introducing faith into the lives of those that will benefit from the introductory by missionaries.
A22280,usa,test,We should oppose collectivism,in favor of,collectivism goes directly against the rights of individuals. individual freedom is what this country was founded on. it is rights violative to put the majority above individuals.
A22296,usa,test,Homeschooling should be banned,in favor of,homeschooling helps parents hide child abuse
A22320,usa,test,We should oppose collectivism,against,collectivism helps everyone accomplish things better.
A22322,usa,test,We should ban missionary work,in favor of,missionary work has a long history of being cruel and detrimental and often inhumane to the people the missionaries tried to convert.
A22333,usa,test,We should limit judicial activism,against,it is helpful for the judiciary to take public action should they wish to do so as it demonstrates that they are human.
A22346,usa,test,Homeopathy brings more harm than good,in favor of,Homeopathic medicine can be expensive despite providing no benefit.
A22369,usa,test,We should ban missionary work,in favor of,it should be banned because it forces people to believe in the church
A22373,usa,test,Homeopathy brings more harm than good,in favor of,"as homeopathy is unregulated, it can be dangerous because nobody really knows the quality, safety or efficacy of the products that are on sale."
A22403,usa,test,We should limit judicial activism,against,every judge is trusted to give their own interpretation of the constitution; there is no way to prevent implicit biases from coming up in their decisions.
A22406,usa,test,We should oppose collectivism,in favor of,"with collectivism, there is less motivation to do more difficult jobs  as everything has a similar pay."
A22407,usa,test,Homeschooling should be banned,against,homeschooling should not be banned because it is a right for parents to educate their children in their comfort of home
A22438,usa,test,We should oppose collectivism,in favor of,we should oppose collectivism because it lessens creativity and individuality.
A22442,usa,test,We should limit judicial activism,against,there should be no limits.  how are we to move forward in society if we limit the thought process of judges?
A22451,usa,test,We should subsidize student loans,in favor of,"subsidizing student loans would allow those who previously could not afford to go to university, the opportunity to better themselves with good qualifications."
A22452,usa,test,We should ban missionary work,in favor of,missionary work is no longer necessary in the world today and is too risky to continue.
A22456,usa,test,Homeopathy brings more harm than good,in favor of,people using homeopathic remedies instead of conventional medicine are more likely to die from a serious illness.
A22462,usa,test,We should subsidize student loans,against,Student loans are fundamentally a commercial transaction and have no place being subsidized.
A22465,usa,test,Homeschooling should be banned,in favor of,homeschooling doesn't allow the child to have the same social aspect that they would attain at a regular school.
A22466,usa,test,Homeschooling should be banned,in favor of,home-schooled children aren't socialized properly and may have difficulty adapting to the general populace
A22476,usa,test,We should limit judicial activism,against,many laws need to change with the times and a judge is in a better position than our elected officials to accurately and fairly review those laws.
A22478,usa,test,We should limit judicial activism,in favor of,"we should limit it, laws should not be changed for special circumstances"
A23007,usa,test,We should limit judicial activism,in favor of,judicial activism provides a limited view of procedure
A23021,usa,test,We should legalize sex selection,in favor of,we should be able to choose the sex we wish to have.
A23038,usa,test,We should subsidize student loans,in favor of,subsidizing student loans lets the students work in their classes not at jobs to pay for their education
A23042,usa,test,We should subsidize student loans,against,students should pay for their own education; it isn't fair that everyone has to pay for education through tax regardless of whether they use it.
A23057,usa,test,We should subsidize student loans,against,student loans can be expensive and put young people in debt
A23075,usa,test,Homeopathy brings more harm than good,in favor of,homeopathy is not well regulated so people won't know the dangers of using homeopathic remedies
A23106,usa,test,We should oppose collectivism,against,collectivism can achieve more than other forms of societal structure
A23109,usa,test,Homeopathy brings more harm than good,against,homeopathy is much less dangerous than many pharmaceuticals
A23112,usa,test,We should legalize sex selection,in favor of,we should legalize sex selection as it is a parents right to choose and many families may want a girl after many boys and so sex selection will help ensure a wanted pregnancy.
A23116,usa,test,Homeschooling should be banned,against,parents should be given the choice to provide homeschooling if they want to and this is often the only option in cases of severe bullying in a school environment.
A23118,usa,test,We should ban missionary work,in favor of,missionary work is a waste of time and should be completely banned.
A23119,usa,test,We should legalize sex selection,in favor of,"people should be allowed to pick the sex of their baby, only they know what's best for their child and what kind of life they'll have"
A23140,usa,test,We should limit judicial activism,in favor of,Judicial activism should be limited as there should be enough statutes of law to allow for most situations and fixed punishments are more acceptable than an individuals response to a case.
A23162,usa,test,Homeschooling should be banned,in favor of,"homeschooling prevent children to socialize and confront with others, therefore it should be banned."
A23163,usa,test,Homeopathy brings more harm than good,in favor of,homeopathy can lead people to use herbal remedies and not seek help for bigger issues which can have devestating consequences.
A23174,usa,test,We should legalize sex selection,against,sex selection goes against laws of nature and religion
A23179,usa,test,We should ban missionary work,in favor of,"missionary work often only benefits the missionary.  those that are targeted are often left worse off after the missionary leaves, having been given a taste of first world things then left to rot"
A23189,usa,test,Homeschooling should be banned,in favor of,homeschooling does not teach a student to get along with others.
A23201,usa,test,We should limit judicial activism,against,"sometimes politics becomes so corrupt and untenable, that the only way to make change in the country is through judicial activism."
A23210,usa,test,We should ban missionary work,against,"we should not ban missionary work because otherwise, people would not know what the bible means. they may not ever be exposed to the information at all if there were not missionaries."
A23222,usa,test,Homeschooling should be banned,against,homeschooling is an excellent alternative for children who are unable to attend normal schools for either emotional or psychological reasons.
A23240,usa,test,We should subsidize student loans,in favor of,"the new generations need the opportunity to advance in their preparation, that is why if they do not have the means and the state does not provide free education then it should promote means such as loans."
A23244,usa,test,Homeopathy brings more harm than good,against,many people who believe that homeopathic remedies have worked for them and feel better for using them surely are better using them than prescription medication that may have unwanted side effects.
A23245,usa,test,Homeschooling should be banned,against,homeschooling is necessary for those with reduced mobility or those who suffer bullying
A23251,usa,test,We should limit judicial activism,in favor of,judicial activism is dangerous in that it allows for personal opinion to possibly get in the way of true justice.  personal opinion clouding what is law should not be allowed.
A23253,usa,test,We should limit judicial activism,in favor of,judges are to base decisions on the laws of the country not on their personal beliefs.  when a judge puts his bias to a case it can change laws and not support the rights of the individual.
A23267,usa,test,Homeopathy brings more harm than good,in favor of,Homeopathic and naturalistic propaganda has spillover harms such as reducing vaccine usage.
A23299,usa,test,Homeopathy brings more harm than good,against,when no effective alternatives exist the placebo effects of homeopathy are to be supported.
A23304,usa,test,Homeschooling should be banned,against,homeschooling is better that state education providing one-to-one learning opportunities they benefit children.
A23316,usa,test,We should subsidize student loans,in favor of,student loans take many years to pay off and if we don't subsidize there will be less students willing to go to college.
A23325,usa,test,We should oppose collectivism,against,We should support collectivism because it leads to more investment in the community and more growth in the long term.
A23331,usa,test,We should subsidize student loans,in favor of,"we should subsidize students loans so that more kids can get a better education, they are the future after all and we will need doctors, engineers, scientists, etc."
A23341,usa,test,We should legalize sex selection,against,sex selection should not be legalized as it is counter to biblical teachings
A23356,usa,test,We should legalize sex selection,in favor of,we should legalize sex selection because i think people should be able to pick if they want their child to be a boy or a girl
A23370,usa,test,Homeschooling should be banned,in favor of,homeschooling does not give children social interaction.
A23378,usa,test,We should legalize sex selection,in favor of,it helps to insure that the parents get the gender of the child they want and will love
A23388,usa,test,We should oppose collectivism,against,collectivism helps to keep everyone in line since the group can ban anyone that steps out.
A23395,usa,test,We should subsidize student loans,in favor of,"student loan debt is an enormous pressure on working people, and should be subsidized."
A23420,usa,test,We should ban missionary work,in favor of,we should ban missionary work as it could be dangerous
A23424,usa,test,We should limit judicial activism,in favor of,judicial activism should be limited as judges should stick to their job and not try to grandstand on issues to gain popularity.
A23428,usa,test,We should ban missionary work,against,missionary work is important as it brings relgion to new countries.
A23434,usa,test,We should legalize sex selection,in favor of,We should legalize sex selection because there is no harm to third parties that the government needs to intervene to prevent.
A23457,usa,test,We should oppose collectivism,in favor of,"Collectivism as a philosophy has historically been used to commit atrocities and silence political dissent against oppressive regimes, such as in the case of Stalin's USSR."
A23464,usa,test,We should oppose collectivism,against,collectivism makes sure that all are taken care of and the weak will provided for.
A23480,usa,test,We should limit judicial activism,in favor of,judicial activism should be limited as there are basic reasons why a law was put in place and a single judge should not be able to choose to ignore the basic law.
A23487,usa,test,We should ban missionary work,against,missionary work is very helpful to many
A24010,usa,test,Homeschooling should be banned,against,homeschooling helps kids learn better in an environment where they're comfortable.
A24012,usa,test,We should ban missionary work,in favor of,"We should ban missionary work because it convinces people to abandon their culture and adopt a dominant, colonial culture instead, which damages our shared cultural heritage."
A24028,usa,test,We should legalize sex selection,in favor of,"this is needed in areas where the population is unequal. when only one sex is the majority, that population would eventually cease. there wouldn't be enough mates."
A24060,usa,test,We should legalize sex selection,against,sex selection should not be legalized because it is counter to nature
A24061,usa,test,We should oppose collectivism,against,sometimes it's easier to get one's voice across if the voice is heard as a group
A24072,usa,test,We should subsidize student loans,against,"graduates earn more over a lifetime than their peers, this gives them plenty of opportunity to repay their debts."
A24076,usa,test,Homeschooling should be banned,against,children who homeschool have surpassed their public school peers in standardized testing by an overall 10% better performance.
A24090,usa,test,Homeopathy brings more harm than good,in favor of,homeopathy does not have enough research to prove it works. therefore people are potentially putting too much faith in something which will not work.
A24107,usa,test,We should oppose collectivism,in favor of,"collectivism does not allow one person to stand out from the others, which can be negative"
A24111,usa,test,We should ban missionary work,against,people can learn a lot from doing missionary work and it can enrich their lives travelling around the world and learning about different cultures
A24116,usa,test,We should ban missionary work,against,"missionaries help feed the hungry, build housing and educate people so we should not stop them even if they are advocating their personal religious beliefs at the same time"
A24125,usa,test,We should legalize sex selection,against,"sex selection will invariably lead down a slippery slope of screening for other genetic factors: hair color, handedness, etc. where will it stop?"
A24137,usa,test,We should limit judicial activism,in favor of,judicial activism allows judges to argue their own views instead of making decisions based on existing constitutional law.
A24141,usa,test,We should ban missionary work,against,we should not ban missionary work because a lot of progress has been made because of it in poor countries.
A24144,usa,test,Homeopathy brings more harm than good,in favor of,homeopathy is scientifically implausible and produces nothing more than a placebo effect in patients
A24152,usa,test,We should oppose collectivism,against,collectivism is necessary for people to help one another and endure.
A24155,usa,test,We should subsidize student loans,in favor of,for some students taking a student loan is the only way to afford studying
A24159,usa,test,Homeopathy brings more harm than good,in favor of,one single fact that when somebody receiving homeopathy there is no quaranties that these substances will be good for the patient.
A24166,usa,test,We should limit judicial activism,in favor of,judicial activism should be limited because law making is best done by the legislative and executive branches of government
A24181,usa,test,We should legalize sex selection,against,we should not legalize sex selection because it might cause an unbalanced society.
A24212,usa,test,Homeopathy brings more harm than good,in favor of,"study of over 100 trials, which proves that homeopathic treatment doesn't work and is no better than placebo"
A24239,usa,test,Homeopathy brings more harm than good,in favor of,homeopathy if not used correctly for many ailments could make them worse.
A24246,usa,test,Homeopathy brings more harm than good,against,"Because most of its formulations are heavily diluted, most homeopathic treatments are safe"
A24256,usa,test,Homeschooling should be banned,against,Homeschooling should not be banned as it is the only option for some children with complex medical or mental health needs.
A24275,usa,test,Homeschooling should be banned,against,homeschooling is necessary in remote areas where there aren't enough children to sustain a school
A24276,usa,test,We should oppose collectivism,against,We should support collectivism because there would be fewer homeless people or starving people if people of means took a community interest rather than one of pure greed.
A24281,usa,test,We should oppose collectivism,in favor of,collectivism encourages herd mentality
A24282,usa,test,We should ban missionary work,in favor of,"missionary work, while rewarding to those that choose that path, is fraught with danger to the missionary and the people they're trying to convert"
A24296,usa,test,We should legalize sex selection,in favor of,parents should be able to utilize any technological advances they wish in order to build their ideal family.
A24299,usa,test,We should ban missionary work,against,missionaries do great work and go to places that are often neglected by others
A24310,usa,test,We should ban missionary work,in favor of,we should ban missionary work because pushing personal views on unwanted audiences is wrong.
A24317,usa,test,Homeopathy brings more harm than good,in favor of,homeopathy causes harm because it is unregulated.
A24319,usa,test,We should oppose collectivism,against,collectivism takes care of everyone and not just those at the top
A24325,usa,test,We should limit judicial activism,in favor of,judicial activism could lead to a decision being made based on the false beliefs of one person.
A24342,usa,test,We should legalize sex selection,in favor of,parents should be able to chose the sex of their children.
A24347,usa,test,We should subsidize student loans,in favor of,students need help with the burden of college costs and shouldn't have to go into crippling debt to get an education.
A24348,usa,test,We should subsidize student loans,against,the public should not pay for other peoples lifestyle choices
A24351,usa,test,Homeschooling should be banned,against,homeschooling allows the child to get more direct instruction and can be completed at their speed and not someone else's.
A24360,usa,test,We should subsidize student loans,against,people choose to go to college.  those that do should pay the bills for that schooling.  we should not be taxed to give money to those that choose to borrow it.
A24361,usa,test,Homeschooling should be banned,in favor of,just the practice of home schooling alone shapes the child in a negative fashion
A24376,usa,test,We should limit judicial activism,against,judicial review is a crucial fallback to monitor political activity
A24377,usa,test,We should limit judicial activism,against,"judges are going to use their beliefs to interpret laws and we shouldn't limit that once they are elected, we should understand their views before electing them."
A24388,usa,test,We should subsidize student loans,against,it isn't the obligation of anyone to assist students with the costs of their education.  if a student wants to get an education they have to realize it comes at a cost and won't be given for free.
A24389,usa,test,We should ban missionary work,in favor of,Missionary work is a waste of time and resources that could be better spent elsewhere.
A24417,usa,test,We should subsidize student loans,in favor of,"All young people whether rich or poor should have the opportunity to better their lives by going to into higher education, the more student loans are subsidized the closer this will become a reality."
A24422,usa,test,Homeschooling should be banned,against,homeschooling can be tailored to individual needs of children.
A24428,usa,test,We should limit judicial activism,in favor of,"we should not support judicial activism because laws are laws and should be strictly followed as written and if they are wrong, then the people need to vote to rewrite them."
A24433,usa,test,We should limit judicial activism,in favor of,judges should stick to the law and be unbiased in every ruling.
A24476,usa,test,We should legalize sex selection,in favor of,if the technology exists them it should be up to individuals to decide what sex child they have as this will effect them more than anyone else.
A24484,usa,test,We should oppose collectivism,in favor of,"We should oppose collectivism because while it can be used to help everyone, it gives too much power to the collective to hurt individuals."
A24500,usa,test,We should oppose collectivism,against,collectivism gives one voice a louder voice by having others available for support
A25019,usa,test,We should legalize sex selection,in favor of,legalizing medical sex selection can prevent the abortion of unwanted gendered babies
A25024,usa,test,We should legalize sex selection,against,"the existence of the human being on the earth and its adaptation, and ecological domination are only the result of their natural destiny, for which the selection of sex should not be legalized"
A25037,usa,test,We should oppose collectivism,in favor of,as individuals we have a right to not be grouped into one thought process.
A25049,usa,test,We should subsidize student loans,in favor of,subsidized student loans allow for those from pooer backgrounds to achieve a good standard of education and progress in their lives
A25053,usa,test,We should oppose collectivism,against,collectivism helps encourage those who are minorities and may not be able to have luxuries others may have.
A25061,usa,test,We should ban missionary work,in favor of,missionary work sometimes forces religion on people
A25068,usa,test,Homeopathy brings more harm than good,against,"in conjunction with medical care, it can give people hope"
A25071,usa,test,We should legalize sex selection,against,if we gave people the right to choose the sex we will have very few females in our world.   they most likely would choose a boy.   let god be the creator of the child and we should never intervene.
A25088,usa,test,Homeopathy brings more harm than good,in favor of,homeopathy has no scientific evidence of efficacy and is equivalent to simply taking no medical action at all.
A25089,usa,test,We should subsidize student loans,in favor of,"most people can't afford to go to college, and we don't want them to graduate with massive debts"
A25091,usa,test,Homeopathy brings more harm than good,against,many people don't trust doctors and would rather take matters into their own hands; it's their body and they can try whatever homeopathic remedy they want
A25103,usa,test,We should ban missionary work,in favor of,"religion has caused so many conflicts across the world, if we ban missionaries, then maybe we can have a more peaceful world where people can respect each other without trying to convert each other."
A25104,usa,test,We should oppose collectivism,in favor of,we will lose individuality and become one big hive mind
A25119,usa,test,We should legalize sex selection,against,"this could cause imbalance in population, if a generation is selected as mainly male or female"
A25138,usa,test,We should oppose collectivism,against,"We should support collectivism because it encourages people to take responsibility for their community, which eases the burden on the state."
A25146,usa,test,Homeschooling should be banned,in favor of,"a lot of times, people who homeschool aren't qualified to teach all the subjects needed for a high school  diploma."
A25157,usa,test,We should ban missionary work,in favor of,"Missionary work can sometimes do more harm than good - for example, if religious missionaries discourage the use of condoms in a place where HIV is the main cause of death."
A25178,usa,test,We should ban missionary work,against,"Through faith, missionaries are able to develop deep relationships with the communities they serve and help bring much-needed social change to third-world countries."
A25187,usa,test,Homeschooling should be banned,against,some students with special needs will need more personalized attention that only homeschooling can provide.
A25190,usa,test,We should subsidize student loans,against,"if people want to go to college, they need to work hard and earn enough to go"
A25192,usa,test,We should ban missionary work,in favor of,"missionary work is an affront to people's right to choose their own religion, by tying aid to a particular religion it's no different than imperialism"
A25194,usa,test,Homeschooling should be banned,against,homeschooling may be beneficial in certain situations. such as for children who are being bullied.
A25197,usa,test,We should legalize sex selection,in favor of,if that's what makes people happy then they should be allowed to do it
A25201,usa,test,Homeopathy brings more harm than good,in favor of,people believe it is helping when it is not
A25211,usa,test,Homeschooling should be banned,in favor of,homeschooling is not a  viable option for students as many colleges do not recognize them as accredited.
A25214,usa,test,Homeschooling should be banned,in favor of,most homeschooled students are not learning the appropriate subjects needed to further their education.
A25226,usa,test,Homeopathy brings more harm than good,against,natural medicine is safer and is proven to work as well as traditional medicine.
A25239,usa,test,Homeschooling should be banned,in favor of,homeschooling is not regulated enough.
A25250,usa,test,We should limit judicial activism,against,judicial activism is the only way to maintain control
A25291,usa,test,We should legalize sex selection,against,"with the $20,000 price tag on something that is not 100% accurate, sex selection is only made available to the wealthy."
A25297,usa,test,We should limit judicial activism,in favor of,judicial activism should be limited because it doesn't apply any laws at all.
A25305,usa,test,Homeschooling should be banned,against,"this is a free country, people have the right to homeschool their children"
A25309,usa,test,We should limit judicial activism,against,judicial activism shouldn't be limited because it allows judges to rule in favor of the right thing regardless if the current laws are obstructing said behavior. this is essential for democracy.
A25323,usa,test,Homeopathy brings more harm than good,in favor of,none of the products have been tested and some actually have very harmful effects.
A25355,usa,test,We should ban missionary work,against,"missionary work has other benefits beyond spreading religion, it makes a huge impact on small communities in poor countries that need help."
A25356,usa,test,We should oppose collectivism,in favor of,collectivism requires too much individual compromise.
A25362,usa,test,We should ban missionary work,against,"if people are proud of their religion and want to travel and spread the word, they should be able to freely. first amendment rights!"
A25376,usa,test,We should subsidize student loans,in favor of,"we need to make it more accessible for the public to acquire education, as opposed to adding more barriers such as extreme student debt."
A25390,usa,test,We should legalize sex selection,in favor of,"sex selection would allow the ability to balance the gender gap, allowing for an even capability to increase the population reproductively."
A25398,usa,test,We should limit judicial activism,in favor of,"judicial activism enables  judges to override any law that exists, which means new rules will be created and the existent laws might not be followed."
A25430,usa,test,We should oppose collectivism,against,collectivism is a way to keep people in line and following the group.
A25432,usa,test,Homeschooling should be banned,in favor of,"children should be allowed to experience interactions with other children, as it helps them develope and grow to be independent adults"
A25436,usa,test,We should limit judicial activism,against,we should not limit judicial activism because it is an important check and balance on the legislative and executive arms of government.
A25437,usa,test,Homeopathy brings more harm than good,in favor of,when people use homeopathy instead of traditional medicines their health can suffer.
A25465,usa,test,We should ban missionary work,in favor of,missionary work is funded by multibillionaires and serves to only enrich the lives of those that are already rich.
A25466,usa,test,We should limit judicial activism,in favor of,sometimes the laws of the lands contradict a justified action.
A25469,usa,test,Homeopathy brings more harm than good,in favor of,there are no proven scientific studies that can back up the positive effects of homeopathic remedies
A25476,usa,test,We should oppose collectivism,in favor of,opposing collectivism is the right thing to do to stay free.
A25480,usa,test,We should limit judicial activism,against,activist judges are an important part of bringing about legislative change
A25486,usa,test,We should subsidize student loans,in favor of,graduates should not have to start their career with a massive debt to pay off
A25493,usa,test,We should oppose collectivism,against,collectivism is society working for the benefit of the masses and not for individual gain
A25494,usa,test,We should subsidize student loans,in favor of,helping younger generations is obligatory for us and helping them we helping our future.
